category,amount,description,created_at
Rent,10000000,Monthly rent for cafe space,2026-01-22
Staff Salary,15000000,Monthly salary for 5 staff members,2026-01-22
Coffee Beans,3000000,Premium arabica and robusta beans,2026-01-22
Utilities,1500000,Water electricity and internet,2026-01-22
Baking Ingredients,2000000,Flour sugar butter eggs,2026-01-22
Equipment Maintenance,800000,Coffee machine cleaning and maintenance,2026-01-22
Marketing,1000000,Social media ads and promotions,2026-01-22
Supplies,1200000,Cups napkins straws packaging,2026-01-22
Cleaning,500000,Cleaning services and supplies,2026-01-22
